<?xml version="1.0" encoding="UTF-8"?><metadata>
    <idinfo>
        <citation>
            <citeinfo>
                <title>kautmk</title>
                <geoform>vector digital data</geoform>
                <onlink>https://geodata.hawaii.gov/arcgis/rest/services/ParcelsZoning/MapServer/9</onlink>
                <onlink>https://files.hawaii.gov/dbedt/op/gis/data/niparcels.pdf</onlink>
                <onlink>https://files.hawaii.gov/dbedt/op/gis/data/niparcels.pdf</onlink>
            </citeinfo>
        </citation>
        <descript>
            <abstract>[Metadata] TMK Parcel boundaries for the County of Kauai as of April, 2021. The parcel boundaries are intended to provide a visual reference only and do not represent legal or survey level accuracy. Attributes are for assessment purposes only per the Real Property Department and are subject to change at any time.Previous Update of the Kauai TMK Parcel Layer 2013 - Spatial Shift using NavTeq Roads,NOAA Charts and Imagery to anchor shift with 1100 displacement points and Affine Shift. After original shift it was done as a spatial rubbersheet natural Neighbor shift.For additional information, please refer to metadata at https://files.hawaii.gov/dbedt/op/gis/data/niparcels.pdf or contact the Hawaii Statewide GIS Program, Office of Planning and Sustainable Development, State of Hawaii; PO Box 2359, Honolulu, Hi. 96804; (808) 587-2846; email: gis@hawaii.gov; Website: https://planning.hawaii.gov/gis.Kauai County Disclaimer:The Geographic Information Systems (GIS) maps and data are made available solely for informational purposes. The GIS data is not the official representation of any of the information included, and do not replace a site survey or legal document descriptions. The County of Kauai (County) makes or extends no claims, representations or warranties of any kind, either express or implied, including, without limitation, the implied warranties of merchantability and fitness for a particular purpose, as to the quality, content, accuracy, currency, or completeness of the information, text, maps, graphics, links and other items contained in any of the GIS data. In no event shall the County become liable for any errors or omissions in the GIS, and will not under any circumstances be liable for any direct, indirect, special, incidental, consequential, or other loss, injury or damage caused by its use or otherwise arising in connection with its use, even if specifically advised of the possibility of such loss, injury or damage. The data and or functionality on this site may change periodically and without notice. In using the GIS data, users agree to indemnify, defend, and hold harmless the County for any and all liability of any nature arising out of or resulting from the lack of accuracy or correctness of the data, or the use of the data. The parcel boundaries are intended to provide a visual reference 
only and do not represent legal or survey level accuracy. Attributes are
 for assessment purposes only per the Real Property Department and are 
subject to change at any time.</abstract>
            <purpose>TMK Parcel boundaries for the County of Kauai as of April, 2021.</purpose>
        </descript>
        <spdom>
            <bounding>
                <westbc>-159.789291</westbc>
                <eastbc>-159.291920</eastbc>
                <northbc>22.235534</northbc>
                <southbc>21.867069</southbc>
            </bounding>
        </spdom>
        <keywords>
            <theme>
                <themekt>None</themekt>
                <themekey>TMK</themekey>
                <themekey>Parcels</themekey>
                <themekey>Kauai</themekey>
                <themekey>Real Property</themekey>
                <themekey>Tax</themekey>
            </theme>
        </keywords>
        <accconst>None</accconst>
        <useconst>State of Hawaii Terms of Use. 



The
 contents of this web page are public domain and to the extent indicated
 otherwise in the Terms of Use, are exempt from Terms of Use policy 
restrictions.There are no expressed warranties associated with the 
release of this data or product. Specifically, no warranty is made that 
the GIS data or any subsequent updates will be error free and no 
warranty is made regarding the positional or thematic accuracy of the 
GIS data. The GIS data and any features depicted do not represent or 
confer any legal rights, privileges, benefits, boundaries or claims of 
any kind. The Office of Planning and Sustainable Development encourages users to report any 
discrepancies or errors found. 
 Contact: Hawaii Statewide GIS Program, Office of Planning and 
Sustainable Development, State of Hawaii; PO Box 2359, Honolulu, Hi. 
96804; (808) 587-2846; email: gis@hawaii.gov. Website: https://planning.hawaii.gov/gis.</useconst>
        <datacred>County of Kauai GIS and the Real Property Assessment Division, Department of Finance.

aimkamp@kauai.gov

Original TMK layer was created by Royce Jones and his team at GDSI 2004. It has been updated since 2006 by the County of Kauai GIS team, including a major update in 2017.</datacred>
        <native>Version 6.2 (Build 9200) ; Esri ArcGIS 10.6.1.9270</native>
    </idinfo>
    <spdoinfo>
        <direct>Vector</direct>
        <ptvctinf>
            <sdtsterm>
                <sdtstype>GT-polygon composed of chains</sdtstype>
                <ptvctcnt>24789</ptvctcnt>
            </sdtsterm>
        </ptvctinf>
    </spdoinfo>
    <eainfo>
        <detailed>
            <enttyp>
                <enttypl>kautmk</enttypl>
            </enttyp>
            <attr>
                <attrlabl>OBJECTID</attrlabl>
                <attrdef>Internal feature number.</attrdef>
                <attrdefs>Esri</attrdefs>
                <attrdomv>
                                        					
                    
                    <udom>Sequential unique whole numbers that are automatically generated.</udom>
                                        				
                
                </attrdomv>
            </attr>
            <attr>
                <attrlabl>Shape</attrlabl>
                <attrdef>Feature geometry.</attrdef>
                <attrdefs>ESRI</attrdefs>
                <attrdomv>
                                        					
                    
                    <udom>Coordinates defining the features.</udom>
                                        				
                
                </attrdomv>
            </attr>
            <attr>
                <attrlabl>TMK</attrlabl>
            </attr>
            <attr>
                <attrlabl>TMK_txt</attrlabl>
            </attr>
            <attr>
                <attrlabl>COTMK</attrlabl>
            </attr>
            <attr>
                <attrlabl>cty_tmk</attrlabl>
            </attr>
            <attr>
                <attrlabl>OWNER</attrlabl>
            </attr>
            <attr>
                <attrlabl>TaxAcres</attrlabl>
            </attr>
            <attr>
                <attrlabl>GISAcres</attrlabl>
            </attr>
            <attr>
                <attrlabl>ZONE</attrlabl>
            </attr>
            <attr>
                <attrlabl>SECTION</attrlabl>
            </attr>
            <attr>
                <attrlabl>PLAT</attrlabl>
            </attr>
            <attr>
                <attrlabl>PARCEL</attrlabl>
            </attr>
            <attr>
                <attrlabl>LINKq</attrlabl>
            </attr>
            <attr>
                <attrlabl>GlobalID</attrlabl>
            </attr>
            <attr>
                <attrlabl>PUBDATE</attrlabl>
            </attr>
            <attr>
                <attrlabl>Shape_Length</attrlabl>
                <attrdef>Length of feature in internal units.</attrdef>
                <attrdefs>Esri</attrdefs>
                <attrdomv>
                                        					
                    
                    <udom>Positive real numbers that are automatically generated.</udom>
                                        				
                
                </attrdomv>
            </attr>
            <attr>
                <attrlabl>Shape_Area</attrlabl>
                <attrdef>Area of feature in internal units squared.</attrdef>
                <attrdefs>Esri</attrdefs>
                <attrdomv>
                                        					
                    
                    <udom>Positive real numbers that are automatically generated.</udom>
                                        				
                
                </attrdomv>
            </attr>
        </detailed>
    </eainfo>
    <distinfo>
        <distliab>See access and use constraints information.</distliab>
        <stdorder>
            <digform>
                <digtinfo>
                    <formname>Shapefile</formname>
                    <transize>11.274</transize>
                </digtinfo>
                <digtopt/>
            </digform>
        </stdorder>
    </distinfo>
    <metainfo>
        <metd>20190427</metd>
        <metc>
            <cntinfo>
                <!--no contact person or organization name available-->
            </cntinfo>
        </metc>
        <metstdn>FGDC Content Standard for Digital Geospatial Metadata</metstdn>
        <metstdv>FGDC-STD-001-1998</metstdv>
        <mettc>local time</mettc>
    </metainfo>
</metadata>
